"PREMIO_SEGURO_LIQUIDO","PREMIO_Resseguro_Bruto","COMISSAO_Resseguro","LMG_Ultimo_Unique","PREMIO_NET_Corrigido","COMISSAO_de_Resseguro_Corrigida","Check_Premio_de_Resseguro"
42187,4219,485,2e+06,3734,485,4219
72153,7215,830,79500000,6386,830,7215
208464,20846,2397,7.6e+07,18449,2397,20846
364303,54645,6284,44131003,48361,6284,54645
78400,15680,1803,123598926,13877,1803,15680
285,71,8,4.5e+07,63,8,71
118958,11896,1368,2e+07,10528,1368,11896
157600,39400,4531,23250000,34869,4531,39400
241810,36272,4171,15215,32100,4171,36272
8636,432,50,98500000,382,50,432
90899,18180,2091,42140221,16089,2091,18180
132156,26431,3040,46399925,23392,3040,26431
150077,22512,2589,82500000,19923,2589,22512
110453,22091,2540,9.1e+07,19550,2540,22091
4988,499,57,7.6e+07,441,57,499
12656,3164,364,56500000,2800,364,3164
385000,77000,8855,8.9e+07,68145,8855,77000
270785,27079,3114,65251739,23964,3114,27079
92509,23127,2660,33100000,20468,2660,23127
170406,42601,4899,117683333,37702,4899,42601
168350,42087,4840,3.5e+07,37247,4840,42087
172067,25810,2968,1.3e+08,22842,2968,25810
90126,22532,2591,48452000,19940,2591,22532
220,55,6,4.5e+07,49,6,55
51760,15528,1786,14524460,13742,1786,15528
39840,7968,916,1e+07,7052,916,7968
226711,34007,3911,104414800,30096,3911,34007
67438,10116,1163,17156000,8952,1163,10116
138353,34588,3978,25400000,30611,3978,34588
104772,10477,1310,22500000,9168,1310,10477
29550,4432,554,1.1e+08,3878,554,4432
14000,1400,175,1.8e+07,1225,175,1400
252739,50548,6318,1.15e+08,44229,6318,50548
-32741,-8185,-1023,26817507,-7162,-1023,-8185
120037,12004,1500,15375250,10503,1500,12004
136005,27201,3400,12210000,23801,3400,27201
108960,21792,2724,19200000,19068,2724,21792
98597,24649,3081,31040000,21568,3081,24649
108871,21774,2722,1.8e+07,19052,2722,21774
14952,2990,374,94874292,2617,374,2990
316633,31663,3958,87998400,27705,3958,31663
42294,8459,1057,48680000,7401,1057,8459
132156,26431,3304,46399925,23127,3304,26431
264000,66000,8250,1.19e+08,57750,8250,66000
161622,32324,4041,76800000,28284,4041,32324
142402,35601,4450,79500000,31150,4450,35601
63070,15768,1971,24100000,13797,1971,15768
6926,1385,173,40500000,1212,173,1385
11920,2384,298,6.2e+07,2086,298,2384
111489,5574,697,30250000,4878,697,5574
208,31,4,6e+07,27,4,31
389551,68171,8521,8.4e+07,59650,8521,68171
13098,2620,327,28700000,2292,327,2620
193375,29006,3626,30700000,25380,3626,29006
180716,45179,5647,22180000,39532,5647,45179
83830,16766,2096,115900000,14670,2096,16766
135818,27164,3395,1e+08,23768,3395,27164
-126055,-25211,-3151,43873180,-22060,-3151,-25211
188750,37750,4719,1.06e+08,33031,4719,37750
194635,29195,3649,52500000,25546,3649,29195
56064,8410,1051,14524460,7358,1051,8410
-29625,-5925,-741,15600000,-5184,-741,-5925
-53463,-13366,-1671,2.5e+07,-11695,-1671,-13366
69900,13980,1748,1.9e+07,12233,1748,13980
108960,27240,3405,6e+07,23835,3405,27240
467500,46750,5844,87993600,40906,5844,46750
10481,1572,197,3e+07,1376,197,1572
221000,22100,2763,7.5e+07,19338,2763,22100
113800,17070,2134,101167745,14936,2134,17070
219708,43942,5493,7.5e+07,38449,5493,43942
111600,22320,2790,40800000,19530,2790,22320
156000,31200,3900,9.7e+07,27300,3900,31200
-110905,-22181,-2773,9e+07,-19408,-2773,-22181
103283,20657,2582,4.5e+07,18075,2582,20657
153,38,5,6.6e+07,34,5,38
32984,9895,1237,4.8e+07,8658,1237,9895
969,155,19,68750000,136,19,155
-932,-233,-29,78515580,-204,-29,-233
-1090,-272,-34,50330500,-238,-34,-272
1716,257,32,25500000,225,32,257
441,44,6,68911914,39,6,44
17146,1714,214,38254924,1500,214,1714
77854,11678,1460,43125000,10218,1460,11678
507,51,6,40600000,44,6,51
3876,775,97,4.5e+07,678,97,775
-2702,-675,-84,3853586,-591,-84,-675
3379,845,106,17500000,739,106,845
86,22,3,2.4e+07,19,3,22
70500,10575,1322,4.9e+07,9253,1322,10575
74426,7444,931,43202160,6514,931,7444
546,55,7,11999000,48,7,55
163343,32669,4084,54787843,28585,4084,32669
124677,18702,2338,5.6e+07,16364,2338,18702
26554,2655,332,7e+07,2323,332,2655
53254,5325,666,6.6e+07,4660,666,5325
-1866,-280,-35,33897175,-245,-35,-280
680,68,8,74993750,59,8,68
7690,1922,240,6e+07,1682,240,1922
6350,635,79,59997000,556,79,635
38468,3846,481,83218860,3366,481,3846
66630,16657,2082,78515580,14575,2082,16657
13843,2769,346,32400000,2422,346,2769
18391,1839,230,16850076,1609,230,1839
-79500,-15871,-1984,41125000,-13887,-1984,-15900
58935,11787,1473,4.5e+07,10314,1473,11787
143072,21461,2683,55358930,18778,2683,21461
76780,11517,1440,27932413,10077,1440,11517
-91331,-13700,-1712,42362556,-11987,-1712,-13700
67701,3384,423,64489650,2961,423,3384
86825,13024,1628,42600000,11396,1628,13024
317560,47634,5954,6e+07,41680,5954,47634
68169,10225,1278,35200000,8947,1278,10225
5856,586,73,5.4e+07,513,73,586
270636,40598,5075,39998000,35523,5075,40598
104740,11783,1473,3.3e+07,10310,1473,11783
410000,61500,7688,94201272,53813,7688,61500
-136423,-6821,-853,69681742,-5969,-853,-6821
412387,41239,5155,78237281,36084,5155,41239
91331,13700,1712,3.2e+07,11987,1712,13700
349983,52497,6562,129250000,45935,6562,52497
136033,6802,850,69681742,5951,850,6802
325640,48846,6106,31544160,42740,6106,48846
52842,5282,660,40500000,4622,660,5282
353104,24717,3090,81686890,21628,3090,24717
141806,28361,3545,6e+07,24816,3545,28361
33623,8406,1051,24150000,7355,1051,8406
2488,373,47,11559243,327,47,373
-62157,-9324,-1165,12925000,-8158,-1165,-9324
16823,2524,315,10800000,2208,315,2523
172973,8649,1081,21900000,7568,1081,8649
82976,8298,1037,42140000,7260,1037,8298
174598,43649,5456,2.5e+07,38193,5456,43649
90291,7223,903,6120000,6320,903,7223
44199,4420,552,12950000,3867,552,4420
-76320,-7632,-954,4.2e+07,-6678,-954,-7632
108235,16235,2029,3e+06,14206,2029,16235
226077,33912,4239,35700000,29673,4239,33912
137117,20568,2571,12210000,17997,2571,20568
180648,27097,3387,41436698,23710,3387,27097
339407,67881,8485,33750000,59396,8485,67881
137843,27569,3446,7e+07,24123,3446,27569
216801,43360,5420,39240000,37940,5420,43360
184928,27739,3467,24837924,24272,3467,27739
43350,8670,1084,6800000,7586,1084,8670
87840,13176,1647,13297998,11529,1647,13176
71613,9310,1164,46320000,8146,1164,9310
76320,7632,954,4.2e+07,6678,954,7632
97989,14698,1837,25300000,12861,1837,14698
-78123,-11718,-1465,24178000,-10254,-1465,-11718
-78123,-11718,-1465,24178000,-10254,-1465,-11718
78123,11718,1465,2.2e+07,10254,1465,11718
377755,56663,7083,2.4e+07,49580,7083,56663
244394,24447,3056,23998800,21391,3056,24447
195500,19550,2444,4.2e+07,17106,2444,19550
167911,16791,2099,4.8e+07,14692,2099,16791
198028,19803,2475,52852518,17327,2475,19803
119355,23871,2984,1.2e+07,20887,2984,23871
136379,34095,4262,1.8e+07,29833,4262,34095
373221,74644,9331,40683701,65314,9331,74644
179363,22420,2803,8e+07,19618,2803,22420
254051,25405,3176,53500000,22229,3176,25405
35080,2806,351,24300000,2456,351,2806
225349,56337,7042,36545511,49295,7042,56337
48348,4835,604,2.5e+07,4230,604,4835
218554,21855,2732,74491029,19123,2732,21855
596000,29800,3725,4e+07,26075,3725,29800
-66630,-16657,-2082,78515580,-14575,-2082,-16657
397222,59583,7448,6e+07,52135,7448,59583
35080,2806,351,24300000,2456,351,2806
60343,7543,943,43500000,6600,943,7543
28489,5698,712,36540000,4986,712,5698
371448,37145,4643,27797220,32502,4643,37145
412890,41289,5161,49995000,36128,5161,41289
260000,32500,4063,25005000,28438,4063,32500
342324,20539,2567,124800000,17972,2567,20539
427063,34165,4271,24300000,29894,4271,34165
124567,14948,1869,4e+07,13080,1869,14948
119148,11915,1489,100800000,10425,1489,11915
59369,14842,1855,12500000,12987,1855,14842
2094,209,26,44660000,183,26,209
290,43,5,6600000,38,5,43
-60127,-15032,-1879,4750000,-13153,-1879,-15032
56000,5600,700,20955491,4900,700,5600
112182,28046,3506,1.4e+07,24540,3506,28046
-108719,-10872,-1359,2.4e+07,-9513,-1359,-10872
253587,38038,4755,46750000,33283,4755,38038
81617,8162,1020,5.4e+07,7142,1020,8162
419538,41954,5244,17127699,36710,5244,41954
102198,10220,1277,6e+07,8942,1277,10220
60127,15032,1879,4750000,13153,1879,15032
186250,32594,4074,7500000,28520,4074,32594
356294,35629,4454,1e+07,31176,4454,35629
143902,21585,2698,31800000,18887,2698,21585
147651,14765,1846,4.8e+07,12919,1846,14765
108205,16231,2029,16696000,14202,2029,16231
10779,1617,202,16500000,1415,202,1617
6415,962,120,37949717,842,120,962
464519,58065,7258,71250000,50807,7258,58065
207282,20728,2591,7200000,18137,2591,20728
130532,19580,2447,22980000,17132,2447,19580
49077,4908,613,2.7e+07,4294,613,4908
31025,4654,582,14987741,4072,582,4654
95267,14290,1786,14440000,12504,1786,14290
263071,39461,4933,2.8e+07,34528,4933,39461
243570,36535,4567,26348924,31969,4567,36535
364500,36450,4556,3.2e+07,31894,4556,36450
2893,-579,-67,103033000,-512,-67,579
-1684,-253,-32,95526675,-221,-32,-253
1327,133,17,116662000,116,17,133
137565,13757,1720,46664800,12037,1720,13757
765,77,10,7e+07,67,10,77
132932,-26586,-3323,59700000,-23263,-3323,26586
108000,-21600,-2700,28300000,-18900,-2700,21600
1399,140,17,83249075,122,17,140
27026,2701,338,34500000,2364,338,2701
31167,4675,584,37400000,4091,584,4675
-151922,-15192,-1899,41280000,-13293,-1899,-15192
68615,6861,858,39496050,6003,858,6861
5880,706,88,45920000,617,88,706
310401,46560,5820,5e+07,40740,5820,46560
49616,4962,620,67480600,4341,620,4962
72899,8748,1093,30839632,7654,1093,8748
238086,23804,2975,36170719,20828,2975,23804
147513,29503,3688,31500000,25815,3688,29503
-383,-77,-10,19472000,-67,-10,-77
1056,106,13,55910020,92,13,106
2490,373,47,1.8e+07,327,47,373
4331,433,54,10500000,379,54,433
8055,1208,151,34970400,1057,151,1208
413,62,8,1.2e+07,54,8,62
9900,1980,248,2.7e+07,1733,248,1980
278671,27867,3483,1.17e+08,24384,3483,27867
147161,7358,920,46595340,6438,920,7358
115294,11529,1441,52500000,10088,1441,11529
56834,5683,710,16800000,4973,710,5683
347395,52109,6514,35232000,45596,6514,52109
-141781,-21267,-2658,3e+07,-18609,-2658,-21267
105000,15750,1969,26670000,13781,1969,15750
129943,19492,2436,14700000,17055,2436,19492
190259,28539,3567,59500000,24971,3567,28539
69678,6968,871,3e+07,6097,871,6968
-85000,-12750,-1594,40320000,-11156,-1594,-12750
160419,32084,4010,1.2e+07,28073,4010,32084
77232,15446,1931,8214000,13516,1931,15446
104380,20876,2610,28800000,18267,2610,20876
239058,59764,7471,1.5e+07,52294,7471,59764
141781,21267,2658,3e+07,18609,2658,21267
189432,28415,3552,4.4e+07,24863,3552,28415
89933,8993,1124,7e+07,7869,1124,8993
91032,13655,1707,33222420,11948,1707,13655
187000,28050,3506,23600000,24544,3506,28050
47107,4711,589,3433988,4122,589,4711
244866,24487,3061,13999800,21426,3061,24487
-3088,-463,-58,55893750,-405,-58,-463
-37650,-5647,-706,82500000,-4942,-706,-5647
765,77,10,41040237,67,10,77
3813,467,58,77980000,409,58,467
3314,331,41,89927479,290,41,331
-98578,-6163,-770,64046340,-5393,-770,-6163
901,180,23,2.1e+07,158,23,180
9073,1815,227,17600000,1588,227,1815
5588,1117,140,33602400,978,140,1117
1119,224,28,1.8e+07,196,28,224
8753,1751,219,10800000,1532,219,1751
789,118,15,24600000,103,15,118
-464,-70,-9,27500000,-61,-9,-70
-122488,-18373,-2297,32840000,-16077,-2297,-18373
164982,24747,3093,1.4e+07,21654,3093,24747
58727,8809,1101,32840000,7708,1101,8809
295985,14799,1850,51118374,12949,1850,14799
83636,12545,1568,43125000,10977,1568,12545
191215,28682,3585,55358930,25097,3585,28682
405753,35503,4438,29250000,31066,4438,35503
400700,60105,7513,36400000,52592,7513,60105
350000,28000,3500,20597940,24500,3500,28000
91331,13700,1712,3.2e+07,11987,1712,13700
127096,19064,2383,30496210,16681,2383,19064
154985,38746,4843,2e+07,33903,4843,38746
119321,23864,2983,2.5e+07,20881,2983,23864
147412,29482,3685,40673792,25797,3685,29482
85000,12750,1594,37320000,11156,1594,12750
-109902,-16485,-2061,23161544,-14425,-2061,-16485
70321,7032,879,18344249,6153,879,7032
36643,7329,916,14720000,6412,916,7329
75232,17303,2163,1.2e+07,15140,2163,17303
278458,55692,6961,24142041,48730,6961,55692
70549,8819,1102,7500000,7716,1102,8819
279142,41871,5234,51413613,36637,5234,41871
50250,7537,942,15799984,6595,942,7537
15400,2310,289,7200000,2021,289,2310
129352,19403,2425,9200000,16977,2425,19403
29659,5932,741,18360000,5190,741,5932
347234,27779,3472,6e+07,24306,3472,27779
95583,19117,2390,2e+07,16727,2390,19117
125953,18893,2362,18060000,16531,2362,18893
54479,10896,1362,8e+06,9534,1362,10896
98228,9823,1228,71167442,8595,1228,9823
-174,-26,-3,46250000,-23,-3,-26
680,68,9,45397730,60,9,68
127096,19064,2383,34852811,16681,2383,19064
153817,23072,2884,46884638,20188,2884,23072
2794,170,21,53375000,149,21,170
115,17,2,22742395,15,2,17
59479,4461,558,24400000,3903,558,4461
29541,4431,554,29360000,3877,554,4431
1800,126,16,66220000,110,16,126
-208,-21,-3,72971947,-18,-3,-21
-26003,-1301,-163,88393200,-1138,-163,-1301
7095,355,44,2e+07,310,44,355
54148,3249,406,22357500,2843,406,3249
11478,1722,215,74250000,1507,215,1722
6658,999,125,17498250,874,125,999
1437,287,36,5e+07,252,36,287
13722,1372,172,3.8e+07,1201,172,1372
15739,1573,197,18001200,1377,197,1573
24379,2438,305,24748142,2133,305,2438
32510,8127,1016,56250000,7111,1016,8127
536000,53600,6700,36750000,46900,6700,53600
315146,18909,2364,55332843,16545,2364,18909
303700,24296,3037,2e+07,21259,3037,24296
347865,34787,4348,40503240,30438,4348,34787
227000,40860,5108,4e+07,35753,5108,40860
416060,41606,5201,21029440,36405,5201,41606
55548,5555,694,40500000,4860,694,5555
137938,6897,862,11998074,6035,862,6897
156000,15600,1950,15400000,13650,1950,15600
-59285,-8893,-1112,19350000,-7781,-1112,-8893
17831,2318,290,4725000,2028,290,2318
239734,47947,5993,19620000,41953,5993,47947
334250,66850,8356,22500000,58494,8356,66850
82129,16426,2053,17600000,14373,2053,16426
358785,26909,3364,3e+07,23545,3364,26909
135808,20371,2546,32840000,17825,2546,20371
75141,11271,1409,43425000,9862,1409,11271
197244,29587,3698,2.1e+07,25888,3698,29587
245031,36755,4594,39276218,32160,4594,36755
59285,8893,1112,19350000,7781,1112,8893
194645,19464,2433,1.5e+07,17031,2433,19464
101106,12133,1517,6804000,10616,1517,12133
106125,15919,1990,18400000,13929,1990,15919
33699,8425,1053,56250000,7372,1053,8425
340000,34000,4250,19998000,29750,4250,34000
209472,31421,3928,4.2e+07,27493,3928,31421
94167,12242,1530,44480000,10712,1530,12242
175223,33292,4162,26834801,29131,4162,33292
20037,2605,326,10800000,2279,326,2605
138789,20818,2602,6150000,18216,2602,20818
275152,27515,3439,34800000,24076,3439,27515
496210,49621,6203,4.8e+07,43418,6203,49621
11491,1379,172,22465357,1207,172,1379
18922,1892,237,102600000,1656,237,1892
876,88,11,81750000,77,11,88
4375,372,46,92799130,325,46,372
17658,883,110,50810160,773,110,883
7216,1082,135,4.5e+07,947,135,1082
2039,204,25,84981530,178,25,204
32811,4922,615,13500000,4306,615,4922
41991,4199,525,3.6e+07,3674,525,4199
6864,480,60,2.2e+07,420,60,480
-1622,-162,-20,12660000,-142,-20,-162
1269,190,24,31500000,167,24,190
5683,852,107,3.4e+07,746,107,852
425,64,8,2e+07,56,8,64
1424,285,36,31500000,249,36,285
138724,27745,3468,13800000,24277,3468,27745
61600,6160,770,3.6e+07,5390,770,6160
-132,-20,-2,16499984,-17,-2,-20
-1536,-173,-22,3.3e+07,-151,-22,-173
1186,237,30,20486728,208,30,237
-156000,-23400,-2925,25496940,-20475,-2925,-23400
33973,4756,595,25674694,4162,595,4756
368299,36830,4604,45990000,32226,4604,36830
228115,22811,2851,30002000,19960,2851,22811
417729,20886,2611,46722449,18276,2611,20886
6080,912,114,33002860,798,114,912
504320,75648,9456,43649096,66192,9456,75648
606258,30313,3789,20557320,26524,3789,30313
405426,40543,5068,27799997,35475,5068,40543
318849,31885,3986,94250004,27899,3986,31885
159595,27131,3391,1.2e+08,23740,3391,27131
109370,16406,2051,6e+07,14355,2051,16406
151914,22787,2848,22050000,19939,2848,22787
567599,70950,8869,9e+07,62081,8869,70950
25840,5168,646,1.5e+07,4522,646,5168
13361,2004,251,3600000,1754,251,2004
-21666,-2167,-271,44400000,-1896,-271,-2167
3446,689,86,22800000,603,86,689
-59285,-8893,-1112,19350000,-7781,-1112,-8893
16195,2429,304,2.2e+07,2126,304,2429
59913,5991,749,17961850,5242,749,5991
65839,10533,1317,4200336,9216,1317,10533
204295,32684,4085,20161613,28598,4085,32684
168049,26885,3361,15681254,23525,3361,26885
-113952,-11395,-1424,4.5e+07,-9971,-1424,-11395
205536,25692,3212,44043765,22481,3212,25692
113953,11395,1424,4.5e+07,9971,1424,11395
174240,26136,3267,23850000,22869,3267,26136
381423,57213,7152,18276727,50062,7152,57213
55250,5525,691,20250000,4834,691,5525
168875,28709,3589,1561250,25120,3589,28709
254836,43322,5415,14491908,37907,5415,43322
21739,2391,299,39146000,2092,299,2391
176690,26503,3313,49786138,23191,3313,26503
279248,34906,4363,44299200,30543,4363,34906
1381,138,17,12200000,121,17,138
18898,3780,472,10800000,3307,472,3780
3e+05,45000,5625,2.4e+07,39375,5625,45000
139980,20997,2625,1.2e+07,18372,2625,20997
7203,720.26,90,24547506,630,90,720
35644,1781.25,223,45590776,1559,223,1781
16460,1645.97,206,70931701,1440,206,1646
75164,7516.36,940,79359000,6577,940,7516
6071,607.07,76,129475623,531,76,607
5324,532.41,67,13650000,466,67,532
31974,4796.16,600,39079805,4197,600,4796
13275,1327.5,166,52500000,1162,166,1328
1554,233.1,29,32252773,204,29,233
1026,153.9,19,3.6e+07,135,19,154
120351,12035.09,1504,3.5e+07,10531,1504,12035
118690,17803.5,2225,5.4e+07,15578,2225,17804
450,28.13,4,65976368,25,4,28
395,59.28,7,58676867,52,7,59
39320,3932,492,103734032,3441,492,3932
326699,65339.87,8167,53390594,57172,8167,65340
2051,114.85,14,71243350,100,14,115
304106,60821.17,7603,42800000,53219,7603,60821
278200,34775.06,4347,24997500,30428,4347,34775
393575,23614.48,2952,1.5e+07,20663,2952,23614
245800,41786,5223,2.6e+07,36563,5223,41786
337923,67584.58,8448,27674808,59137,8448,67585
326400,71808,8976,52200000,62832,8976,71808
423524,42352.35,5294,18901260,37058,5294,42352
182828,27424.23,3428,3e+07,23996,3428,27424
282550,42382.5,5298,2.6e+07,37085,5298,42383
21999,4399.83,550,31999203,3850,550,4400
-25361,-3804.11,-476,3.6e+07,-3329,-476,-3804
789,118.28,15,24600000,103,15,118
93275,13991.25,1749,2.8e+07,12242,1749,13991
85765,8576.5,1072,52500000,7504,1072,8576
-11516,-575.81,-72,127500000,-504,-72,-576
133461,9342.33,1168,64989600,8175,1168,9342
4033,403.27,50,34000850,353,50,403
14944,2491.19,311,20664000,2180,311,2491
939,187.76,23,6844000,164,23,188
1106,110.61,14,83249075,97,14,111
125315,12531.54,1566,60887027,10965,1566,12532
1604,80.19,10,39785684,70,10,80
3486,453.18,57,85431105,397,57,453
12007,2401.42,300,16800000,2101,300,2401
276133,55226.56,6903,3e+07,48323,6903,55227
223248,12944.16,1618,46243546,11326,1618,12944
25274,1263.7,158,9e+06,1106,158,1264
5906,885.85,111,36265096,775,111,886
345199,34519.93,4315,55500000,30205,4315,34520
10755,1613.3,202,1.1e+07,1412,202,1613
173,17.29,2,49126000,15,2,17
-102,-13.3,-2,17100000,-12,-2,-13
11943,1791.38,224,2e+07,1567,224,1791
2319,231.9,29,23544788,203,29,232
16988,2548.25,319,18400000,2230,319,2548
-2626,-393.83,-49,7500000,-345,-49,-394
320730,48109.52,6014,2.1e+07,42096,6014,48110
398035,39803.54,4975,11998800,34828,4975,39804
149208,22381.18,2798,14700000,19584,2798,22381
96000,14400,1800,33222420,12600,1800,14400
188016,37603.2,4700,1.2e+07,32903,4700,37603
96327,20228.69,2529,3011800,17700,2529,20229
175000,35000,4375,3e+07,30625,4375,35000
146525,29304.99,3663,13800000,25642,3663,29305
213505,21350.54,2669,10886433,18682,2669,21351
186247,37249.37,4656,7700000,32593,4656,37249
596062,71527.42,8941,24603739,62586,8941,71527
-1128,-112.78,-14,40200000,-99,-14,-113
2596,454.3,57,23040000,398,57,454
22186,2218.64,277,7.5e+07,1941,277,2219
24822,2978.62,372,43402827,2606,372,2979
17275,3455.06,432,48750000,3023,432,3455
12044,3010.95,376,22800000,2635,376,3011
1138,227.61,28,31948800,199,28,228
808,121.13,15,12001500,106,15,121
-19525,-1952.55,-244,2e+07,-1708,-244,-1953
139500,25110,3139,30770600,21971,3139,25110
100275,15041.25,1880,4.5e+07,13161,1880,15041
77276,7727.64,1043,16815562,6684,1043,7728
311873,62374.6,8421,21124286,53954,8421,62375
372867,29829.38,4027,48100000,25802,4027,29829
432756,64913.4,8763,36400000,56150,8763,64913
337095,40451.39,5461,26004000,34990,5461,40451
49778,9955.65,1344,9856580,8612,1344,9956
229115,45823.05,6186,26856525,39637,6186,45823
62250,12450.06,1681,10200000,10769,1681,12450
304217,45632.58,6160,51413613,39472,6160,45633
434043,73787.38,9961,2.4e+07,63826,9961,73787
90868,9086.8,1227,1e+07,7860,1227,9087
83836,10479.48,1415,5625000,9065,1415,10479
464923,23246.17,3138,17475982,20108,3138,23246
136955,20543.25,2773,17893600,17770,2773,20543
282003,42307.5,5712,11251875,36596,5712,42308
185000,38850,5245,2e+07,33605,5245,38850
171320,25698,3469,1e+07,22229,3469,25698
219450,43890,5925,13650000,37965,5925,43890
216515,32477.28,4384,2.4e+07,28093,4384,32477
2711,271.07,34,90746087,237,34,271
81500,5704.97,713,80425517,4992,713,5705
-373,-55.88,-7,4.2e+07,-49,-7,-56
6390,638.98,80,49053270,559,80,639
4526,678.94,85,4421029,594,85,679
8039,1205.85,151,3025000,1055,151,1206
22854,1371.26,171,112500000,1200,171,1371
-3383,-541.2,-68,104270160,-474,-68,-541
6447,967.01,121,12200000,846,121,967
24120,2412,302,18001200,2111,302,2412
11440,486.2,61,63004200,425,61,486
5603,840.44,105,25511788,735,105,840
39104,1955.19,244,34164624,1711,244,1955
-8267,-1033.32,-129,12880322,-904,-129,-1033
6613,991.99,124,16775000,868,124,992
17294,2594.05,324,13200000,2270,324,2594
15174,3034.84,379,39306311,2655,379,3035
18158,2723.71,340,30400000,2383,340,2724
3444,430.5,54,2.4e+07,377,54,431
12781,1917.19,240,3.3e+07,1678,240,1917
-42283,-2114.15,-264,42460000,-1850,-264,-2114
39134,3130.71,391,46746000,2739,391,3131
24092,1686.41,211,15300000,1476,211,1686
49744,2487.2,311,44604185,2176,311,2487
14917,745.83,93,12635470,653,93,746
16905,2535.73,317,9900000,2219,317,2536
1051,157.68,20,1.2e+07,138,20,158
147371,29474.13,3979,2e+07,25495,3979,29474
79034,11855.15,1600,32400000,10255,1600,11855
642135,38528.12,5201,34395207,33327,5201,38528
173982,12178.79,1644,126010080,10535,1644,12179
186348,18634.76,2516,18758143,16119,2516,18635
304759,45713.82,6171,23200000,39542,6171,45714
489312,61164,8257,28500000,52907,8257,61164
223785,33567.71,4532,1.2e+07,29036,4532,33568
438100,65715,8872,16764000,56843,8872,65715
166819,25022.83,3378,28404164,21645,3378,25023
475132,40386.22,5452,19500000,34934,5452,40386
-132295,-19844.31,-2679,1.6e+07,-17165,-2679,-19844
11025,1653.69,223,1.6e+07,1430,223,1654
178245,26736.82,3609,30496210,23127,3609,26737
195414,25403.82,3430,46740000,21974,3430,25404
227199,45435.25,6134,43795620,39301,6134,45435
185000,20350,2747,14417812,17603,2747,20350
147500,22125,2987,27475000,19138,2987,22125
247617,49523.38,6686,2.4e+07,42838,6686,49523
250500,50100,6764,9e+06,43337,6764,50100
413100,41310.08,5577,19998000,35733,5577,41310
-23885,-1731.16,-234,23561520,-1497,-234,-1731
116575,23315,3148,9e+06,20167,3148,23315
23680,2368,320,11100000,2048,320,2368
144983,21747.48,2936,4738424,18812,2936,21747
143250,21487.5,2901,5.4e+07,18587,2901,21488
383452,57517.87,7765,24841366,49753,7765,57518
230518,23042.63,3111,25002000,19932,3111,23043
224554,40419.64,5457,3.5e+07,34963,5457,40420
15850,1585,214,18359036,1371,214,1585
274706,41205.93,5563,59180618,35643,5563,41206
151485,25752.46,3477,13244000,22276,3477,25752
245430,36814.5,4970,1.6e+07,31845,4970,36815
2085,312.68,39,9.6e+07,274,39,313
53001,5300.15,663,3.5e+07,4638,663,5300
87223,8722.27,1090,68069814,7632,1090,8722
48833,4884.28,611,40032701,4274,611,4884
723,72.25,9,22742395,63,9,72
1255,188.24,24,20400000,165,24,188
95328,14299.23,1787,1.11e+08,12512,1787,14299
36030,6125.14,766,15822795,5359,766,6125
2443,244.3,31,52500000,214,31,244
7213,1081.98,135,61075763,947,135,1082
6027,602.74,75,14283828,527,75,603
50229,8287.79,1036,96759487,7252,1036,8288
2554,434.21,54,2.2e+07,380,54,434
32539,3253.9,407,78239237,2847,407,3254
1320,118.8,15,30747303,104,15,119
26140,2614,327,20400000,2287,327,2614
-28746,-2012.24,-252,2.2e+07,-1761,-252,-2012
689,120.49,15,17500000,105,15,120
27570,4686.89,586,6e+07,4101,586,4687
40450,7078.73,885,50330500,6194,885,7079
149533,29906.64,4037,18481269,25869,4037,29907
590107,59004.77,7966,44592548,51039,7966,59005
86445,17289,2334,7500000,14955,2334,17289
448244,44824.34,6051,18747750,38773,6051,44824
225666,33849.9,4570,31500000,29280,4570,33850
389605,38960.49,5260,14999400,33701,5260,38960
131281,19692.08,2658,3e+07,17034,2658,19692
272550,54510.08,7359,2.7e+07,47151,7359,54510
434486,65172.89,8798,10966036,56375,8798,65173
65084,16271,2197,18725200,14074,2197,16271
105187,10518.69,1420,8803778,9099,1420,10519
67940,5095.5,688,29024294,4408,688,5096
14355,2153.25,291,1.6e+07,1863,291,2153
696805,52260.38,7055,14683800,45205,7055,52260
173023,30279.05,4088,3e+07,26191,4088,30279
235280,47056,6353,37200000,40703,6353,47056
50870,10174.09,1374,1.5e+07,8801,1374,10174
-20278,-3041.75,-411,9829842,-2631,-411,-3042
48667,7300.02,986,6840000,6315,986,7300
20278,3041.75,411,9829842,2631,411,3042
142051,21307.64,2877,2.4e+07,18431,2877,21308
170259,17025.9,2298,6500000,14727,2298,17026
501246,25062.3,3383,42460000,21679,3383,25062
326555,48983.32,6613,35334000,42371,6613,48983
348183,52227.43,7051,4.2e+07,45177,7051,52227
193650,29047.45,3921,3.4e+07,25126,3921,29047
218290,27286.27,3684,44043765,23603,3684,27286
269040,53807.95,7264,14998500,46544,7264,53808
67137,13427.42,1813,2e+07,11615,1813,13427
374254,48652.88,6568,78300000,42085,6568,48653
186489,27973.3,3776,23850000,24197,3776,27973
253810,38071.49,5140,20750000,32932,5140,38071
221508,11075.38,1495,2e+07,9580,1495,11075
296760,44513.96,6009,25647863,38505,6009,44514
68730,17182.5,2320,24189156,14863,2320,17183
217582,21758.22,2937,31502250,18821,2937,21758
-119022,-7736.43,-1044,5.8e+07,-6692,-1044,-7736
64227,9634.07,1301,3e+07,8333,1301,9634
185509,27826.41,3757,2.2e+07,24070,3757,27826
305467,30546.76,4124,13248900,26423,4124,30547
60595,12118.93,1636,19200000,10483,1636,12119
201892,20189.23,2726,4757413,17464,2726,20189
3354,586.97,79,1e+07,508,79,587
77038,10401.09,1300,76793437,9101,1300,10401
-52207,-10441.39,-1305,105780000,-9136,-1305,-10441
5422,1355.49,169,78515580,1186,169,1355
-47230,-7084.52,-886,5.4e+07,-6199,-886,-7085
144457,14445.7,1806,1.08e+08,12640,1806,14446
6823,1262.17,158,2e+07,1104,158,1262
-90116,-9011.62,-1126,8400000,-7885,-1126,-9012
52046,5202.54,650,18001200,4552,650,5203
12744,1911.64,239,2e+07,1673,239,1912
3275,262,33,49050000,229,33,262
1226,140.97,18,11701800,123,18,141
76396,5729.72,716,4.5e+07,5014,716,5730
-3386,-507.96,-63,84520000,-444,-63,-508
-19774,-1581.92,-198,102750000,-1384,-198,-1582
-46829,-4682.85,-585,3.5e+07,-4097,-585,-4683
311920,46787.94,6316,1.5e+07,40472,6316,1081
187697,28154.59,3801,5.4e+07,24354,3801,112
130398,19559.66,2641,3e+07,16919,2641,100
176700,8835,1193,26250002,7642,1193,70
35550,7110,960,15480000,6150,960,21
381564,76312.8,10302,19615000,66011,10302,1746
311689,46753.28,6312,20002500,40442,6312,857
267700,26770,3614,13174462,23156,3614,640
56456,11291.14,1524,21100000,9767,1524,40
156120,15611.97,2108,17996698,13504,2108,169
291594,29159.37,3937,10200000,25223,3937,981
95000,16625,2244,7350000,14381,2244,253
-88851,-17770.13,-2399,22500000,-15371,-2399,94
598000,59800,8073,34500000,51727,8073,1241
74538,11180.73,1509,19487160,9671,1509,54
378342,75668.4,10215,34417465,65453,10215,832
81000,20250,2734,3e+07,17516,2734,69
294701,35364.14,4774,2.2e+07,30590,4774,545
206745,41349.09,5582,8750000,35767,5582,1221
107855,21571.08,2912,22500000,18659,2912,111
1712,171.19,23,9564000,148,23,0
16348,1798.25,243,60703043,1555,243,1
130461,13046.1,1761,7974819,11285,1761,237
109000,16349.95,2207,30202200,14143,2207,69
231790,46357.9,6258,3240000,40100,6258,3685
43197,7343.5,991,13777167,6352,991,25
280093,28009.29,3781,38384144,24228,3781,243
203200,20320,2743,11999999,17577,2743,405
248445,37266.75,5031,1.6e+07,32236,5031,723
388436,38843.58,5244,10886433,33600,5244,1732
265256,39788.36,5371,3025000,34417,5371,4204
4670,373.63,50,12200000,323,50,0
640,64,9,17020000,55,9,0
67584,7434.23,1004,43753500,6431,1004,13
22061,1433.93,194,131250000,1240,194,0
140787,21118.1,2851,13800000,18267,2851,269
112550,16882.5,2279,2.8e+07,14603,2279,80
147234,22085.1,2981,1.8e+07,19104,2981,194
160425,28876.5,3898,30770600,24978,3898,175
50996,10199.24,1377,43810805,8822,1377,12
80247,12037.01,1625,8e+07,10412,1625,14
222890,33433.5,4514,42500000,28920,4514,206
298500,44775,6045,2.8e+07,38730,6045,530
203676,43790.42,5912,35100000,37879,5912,282
678772,67877.36,9163,51754140,58714,9163,1086
165925,23229.5,3136,33750000,20094,3136,134
253656,45658.14,6164,22500000,39494,6164,585
465876,46587.59,6289,18901260,40298,6289,1435
355781,53367.19,7205,28980000,46163,7205,794
350900,70180,9474,5.4e+07,60706,9474,570
467250,46725.09,6308,15600000,40417,6308,1646
144729,14472.93,1954,1.5e+07,12519,1954,161
557565,55756.5,7527,35200000,48229,7527,1039
414637,41463.8,5598,9750000,35866,5598,2075
396558,73363.2,9904,16049088,63459,9904,2266
135394,20309.1,2742,15600000,17567,2742,207
-141600,-21240,-2867,25350000,-18373,-2867,140
438574,21928.62,2960,1.8e+07,18968,2960,594
341996,51299.4,6925,25500000,44374,6925,791
241740,36261,4895,3.5e+07,31366,4895,313
141600,21240,2867,2.4e+07,18373,2867,147
88632,8863.17,1197,7001400,7667,1197,123
485,72.78,10,1.9e+07,63,10,0
121329,12132.87,1638,110825000,10495,1638,16
10164,1524.65,206,41407414,1319,206,0
12731,1018.52,138,124658616,881,138,0
13606,680.29,92,22814994,588,92,0
21875,3281.25,443,7020054,2838,443,12
1405,140.45,19,11353500,121,19,0
7116,782.73,106,7828776,677,106,1
439,72.4,9,96759487,63,9,72
119336,11933.56,1492,3.5e+07,10442,1492,11934
-746,-111.94,-14,1.11e+08,-98,-14,-112
90,8.98,1,16199190,8,1,9
19774,1581.92,198,102750000,1384,198,1582
90116,9011.62,1126,8400000,7885,1126,9012
49454,9890.74,1335,22500000,8555,1335,9891
12636,1263.59,171,17087945,1093,171,1264
25345,1774.14,240,41054076,1535,240,1774
5341,427.29,58,128749936,370,58,427
995,49.73,7,56723661,43,7,50
-10678,-2135.52,-288,8750000,-1847,-288,-2136
116360,8145.17,1100,27600000,7046,1100,8145
-5297,-635.6,-86,23998800,-550,-86,-636
729185,18229.63,2461,37602969,15769,2461,18230
-6826,-1365.21,-184,1.8e+07,-1181,-184,-1365
222462,26695.43,3604,15924999,23092,3604,26695
3998,599.72,81,6750000,519,81,600
4651,906.85,122,1.5e+07,784,122,907
35640,7662.6,1034,35100000,6628,1034,7663
325437,32543.75,4393,7500000,28150,4393,32544
35626,3562.63,481,1.5e+07,3082,481,3563
24401,3660.1,494,5.4e+07,3166,494,3660
92239,16602.96,2241,22500000,14362,2241,16603
7482,1496.34,202,26856525,1294,202,1496
203200,20320,2743,11999999,17577,2743,20320
-43197,-7343.5,-991,13777167,-6352,-991,-7344
127511,11475.96,1549,32097543,9927,1549,11476
25004,3750.62,506,51413613,3244,506,3751
3672,550.75,74,28404164,476,74,551
1633,245.01,33,1.9e+07,212,33,245
392660,39266.1,5301,7001400,33965,5301,39266
-536,-80.36,-11,36275050,-70,-11,-80
925,138.68,19,36318150,120,19,139
7110,1066.52,144,4.2e+07,923,144,1067
10023,1603.62,216,33600000,1387,216,1604
5918,591.84,80,13248900,512,80,592
-4183,-836.64,-113,43810805,-724,-113,-837
190945,28641.68,3867,4e+07,24775,3867,28642
13781,1722.66,233,5625000,1490,233,1723
128073,25614.61,3586,2425000,22029,3586,25615
648440,64844,9078,3.7e+07,55766,9078,64844
165073,41268.25,5778,22500000,35491,5778,41268
26599,5319.74,745,475000,4575,745,5320
407286,28510.04,3991,30398100,24519,3991,28510
290561,58112.12,8136,11734331,49976,8136,58112
416740,41674.01,5834,40499960,35840,5834,41674
97359,19471.82,2726,8160000,16746,2726,19472
21315,4263.09,597,437500,3666,597,4263
137914,27582.8,3862,1e+06,23721,3862,27583
183250,45812.62,6414,14412676,39399,6414,45813
374549,56182.35,7866,3e+07,48317,7866,56182
21713,3256.88,456,2500000,2801,456,3257
71662,10749.29,1505,14298455,9244,1505,10749
105931,21186.2,2966,22800000,18220,2966,21186
218163,43632.65,6109,23490000,37524,6109,43633
184906,27735.85,3883,10332000,23853,3883,27736
207208,41441.61,5802,3e+07,35640,5802,41442
445828,34328.77,4806,91799996,29523,4806,34329
148400,18550,2597,3e+07,15953,2597,18550
312369,62473.75,8746,21300000,53727,8746,62474
195032,29254.8,4096,2.4e+07,25159,4096,29255
277500,27750.03,3885,13650000,23865,3885,27750
155360,23304.03,3263,17893600,20041,3263,23304
270425,40563.75,5679,1.6e+07,34885,5679,40564
135000,20250,2835,3.2e+07,17415,2835,20250
159551,23932.66,3351,3.3e+07,20582,3351,23933
262091,39313.65,5504,6750000,33810,5504,39314
383417,76683.5,10736,11375000,65948,10736,76683
104520,20904,2927,4e+06,17977,2927,20904
162180,32436,4541,2e+06,27895,4541,32436
243149,48629.83,6808,4e+07,41822,6808,48630
153203,30640.68,4290,2450000,26351,4290,30641
189040,22684.86,3176,73600000,19509,3176,22685
-2693,-269.28,-34,17399130,-236,-34,-269
381814,30545.14,3818,102446226,26727,3818,30545
-2463,-123.15,-17,128214264,-107,-17,-123
-3998,-599.72,-81,6750000,-519,-81,-600
1633,244.88,33,23998000,212,33,245
3729,372.87,50,45102750,323,50,373
14935,2240.22,302,16775000,1938,302,2240
-26872,-2687.19,-363,16199190,-2324,-363,-2687
11044,1546.2,209,19198400,1337,209,1546
-1977,-256.98,-35,67850490,-222,-35,-257
-40773,-4077.26,-550,33969594,-3527,-550,-4077
-6260,-938.93,-127,100707000,-812,-127,-939
1640,245.98,33,1696840,213,33,246
47881,7182.2,970,19004923,6213,970,7182
-833,-83.26,-11,11371198,-72,-11,-83
191084,22930.17,3096,23998800,19835,3096,22930
1005,160.76,22,33600000,139,22,161
-6068,-373.18,-50,80407600,-323,-50,-373
46074,8984.47,1213,15750000,7772,1213,8984
9868,740.11,100,25500000,640,100,740
842,84.15,11,10243364,73,11,84
2410,241.03,33,25997400,208,33,241
51100,7665.02,1073,6840000,6592,1073,7665
687856,68785.6,9630,15522951,59156,9630,68786
278407,27840.67,3898,17223722,23943,3898,27841
265912,26591.2,3723,19999998,22868,3723,26591
271230,56958.2,7974,22660000,48984,7974,56958
155709,31141.74,4360,23987120,26782,4360,31142
20861,3129.17,438,33200000,2691,438,3129
48237,12059.33,1688,18706992,10371,1688,12059
294058,44108.67,6175,7505182,37933,6175,44109
123462,15432.75,2161,25200000,13272,2161,15433
384621,44231.47,6192,24000002,38039,6192,44231
-105931,-21186.19,-2966,22800000,-18220,-2966,-21186
105931,21186.2,2966,22800000,18220,2966,21186
251236,37685.33,5276,14400000,32409,5276,37685
481510,72226.53,10112,47277335,62115,10112,72227
-117846,-11784.62,-1650,33969594,-10135,-1650,-11785
117846,17676.93,2475,27175675,15202,2475,17677
161872,32374.5,4532,5.4e+07,27842,4532,32374
198698,29804.69,4173,30496210,25632,4173,29805
207374,22811.18,3194,14417812,19618,3194,22811
600287,66031.54,9244,66450000,56787,9244,66032
240502,24050.18,3367,32850000,20683,3367,24050
90543,10865.12,1521,6e+06,9344,1521,10865
154380,30875.9,4323,18750000,26553,4323,30876
141211,21181.72,2965,3.6e+07,18216,2965,21182
197765,36586.53,5122,19080000,31464,5122,36587
277386,41607.91,5825,3e+07,35783,5825,41608
228382,34257.33,4796,17500000,29461,4796,34257
208170,31225.5,4372,2e+07,26854,4372,31226
238078,35711.64,5000,31500000,30712,5000,35712
328144,49221.66,6891,2e+07,42331,6891,49222
439965,65994.75,9239,2.6e+07,56755,9239,65995
260738,48236.62,6753,1.6e+07,41483,6753,48237
13079,2288.87,320,5e+07,1968,320,2289
527645,65955.64,9234,16500000,56722,9234,65956
333572,56707.2,7939,19754299,48768,7939,56707
301745,40735.58,5703,30175000,35033,5703,40736
-135000,-20250,-2835,3.2e+07,-17415,-2835,-20250
135000,20250,2835,3.2e+07,17415,2835,20250
165200,24780,3469,15700000,21311,3469,24780
-159551,-23932.66,-3351,3.3e+07,-20582,-3351,-23933
159551,23932.66,3351,3.3e+07,20582,3351,23933
354465,70893.07,9925,22550400,60968,9925,70893
176342,34386.74,4814,13244000,29573,4814,34387
149850,22477.5,3147,2.4e+07,19331,3147,22478
434366,65154.92,9122,3e+07,56033,9122,65155
-95000,-14250,-1995,20200000,-12255,-1995,-14250
153291,30658.2,4292,2e+07,26366,4292,30658
223901,33585.17,4702,3.5e+07,28883,4702,33585
11250,2250,315,21300000,1935,315,2250
275550,61998.75,8680,9e+06,53319,8680,61999
213290,37325.75,5226,7e+06,32100,5226,37326
233563,35034.46,4905,1.2e+07,30130,4905,35034
467629,46762.92,6547,1e+07,40216,6547,46763
17542,1315.67,178,71158122,1138,178,0
-3117,-233.78,-32,71158122,-202,-32,-196
